"Sed_ID";"2000";"500";"250";"63";"0";"sedID";"D50(um)";"Mean.fw.phi";"Mean.fw.um";"mud";"Sand";"Sediment";"Texture"
61;0;0.65;7.98;40.37;3.41;"X61";137.196;2.859;64.99;6.506;93.494;"Fine Sand,Poorly Sorted,Fine Skewed,Leptokurtic";"Sand"
62;0;0.48;12.66;40.22;2.97;"X62";149.39;2.702;78.636;5.273;94.727;"Fine Sand,Moderately Sorted,Symmetrical,Mesokurtic";"Sand"
65;0;0.81;15.39;42.06;1.56999999999999;"X65";159.495;2.609;90.888;2.624;97.376;"Fine Sand,Moderately Sorted,Symmetrical,Platykurtic";"Sand"
66;0;0.75;25.05;35.03;1.21;"X66";203.582;2.385;131.803;1.95;98.05;"Fine Sand,Moderately Sorted,Fine Skewed,Platykurtic";"Sand"
67;0;0.21;10.25;36.15;2.83;"X67";145.148;2.748;74.054;5.724;94.276;"Fine Sand,Poorly Sorted,Symmetrical,Mesokurtic";"Sand"
71;0;0.37;7.31;48.35;2.08;"X71";135.927;2.879;65.259;3.579;96.421;"Fine Sand,Moderately Sorted,Symmetrical,Platykurtic";"Sand"
72;0;1.36;18.06;40.6;2.61000000000001;"X72";166.941;2.563;96.095;4.167;95.833;"Fine Sand,Moderately Sorted,Symmetrical,Platykurtic";"Sand"
73;0;1.14;20.89;48.98;1.33000000000001;"X73";167.931;2.549;99.818;1.839;98.161;"Fine Sand,Moderately Sorted,Symmetrical,Platykurtic";"Sand"
86;0;4.49;12.08;40.14;0.579999999999998;"X86";165.146;2.516;101.407;1.012;98.988;"Fine Sand,Poorly Sorted,Coarse Skewed,Mesokurtic";"Sand"
87;0;0.82;20.64;47.26;0.849999999999994;"X87";169.498;2.539;101.919;1.222;98.778;"Fine Sand,Moderately Sorted,Symmetrical,Platykurtic";"Sand"
88;0;0.3;14.71;55.91;0.870000000000005;"X88";149.395;2.705;81.412;1.212;98.788;"Fine Sand,Moderately Sorted,Coarse Skewed,Platykurtic";"Sand"
89;0;2.85;43.22;22.8;0.129999999999995;"X89";300.972;1.986;278.576;0.188;99.812;"Medium Sand,Moderately Sorted,Very Fine Skewed,Mesokurtic";"Sand"
91;0;0.55;17.89;45.15;1.42999999999999;"X91";162.705;2.588;94.21;2.199;97.801;"Fine Sand,Moderately Sorted,Symmetrical,Platykurtic";"Sand"
92;0;0.24;7.59;57.75;1.02;"X92";136.124;2.877;66.482;1.532;98.468;"Fine Sand,Moderately Sorted,Symmetrical,Platykurtic";"Sand"
98;0;0.18;1.1;57.8;1.11;"X98";125.754;2.991;57.225;1.844;98.156;"Fine Sand,Moderately Well Sorted,Symmetrical,Platykurtic";"Sand"
101;0;0.18;6.1;60.19;0.849999999999994;"X101";133.549;2.905;64.28;1.263;98.737;"Fine Sand,Moderately Sorted,Symmetrical,Platykurtic";"Sand"
102;0;0.09;4.51;61.32;0.760000000000005;"X102";131.034;2.932;62.089;1.14;98.86;"Fine Sand,Moderately Well Sorted,Symmetrical,Platykurtic";"Sand"
103;0;0.71;5.78;50.22;1.22;"X103";134.911;2.89;65.103;2.106;97.894;"Fine Sand,Moderately Sorted,Symmetrical,Mesokurtic";"Sand"
107;0;0.16;0.57;57.3;2.47000000000001;"X107";122.9;3.024;53.996;4.083;95.917;"Very Fine Sand,Moderately Well Sorted,Symmetrical,Platykurtic";"Sand"
109;0;0.39;10.53;38.96;2.66;"X109";145.243;2.747;74.644;5.063;94.937;"Fine Sand,Moderately Sorted,Symmetrical,Platykurtic";"Sand"
110;0;0.78;3.76;35.99;8.79;"X110";115.69;3.3;28.73;17.822;82.178;"Very Fine Sand,Poorly Sorted,Very Fine Skewed,Very Leptokurtic";"Muddy Sand"
114;0;0.03;5.05;56.35;0.729999999999997;"X114";132.356;2.917;63.251;1.174;98.826;"Fine Sand,Moderately Sorted,Symmetrical,Platykurtic";"Sand"
115;0;0.03;12.77;52.62;0.859999999999999;"X115";146.742;2.739;78.219;1.298;98.702;"Fine Sand,Moderately Sorted,Symmetrical,Platykurtic";"Sand"
116;0;0.42;16.76;53.16;0.649999999999991;"X116";155.492;2.642;88.266;0.916;99.084;"Fine Sand,Moderately Sorted,Symmetrical,Platykurtic";"Sand"
117;0;0.53;15.88;51.05;0.890000000000015;"X117";154.751;2.648;87.231;1.302;98.698;"Fine Sand,Moderately Sorted,Symmetrical,Platykurtic";"Sand"
118;0;0.81;9.85;63.63;0.390000000000001;"X118";140.265;2.834;70.843;0.522;99.478;"Fine Sand,Moderately Sorted,Symmetrical,Mesokurtic";"Sand"
119;0;0;7.22;25.88;0.350000000000001;"X119";150.692;2.692;82.871;1.046;98.954;"Fine Sand,Moderately Sorted,Symmetrical,Platykurtic";"Sand"
120;0;0.63;7.37;47.75;1.3;"X120";138.241;2.855;68.031;2.279;97.721;"Fine Sand,Moderately Sorted,Symmetrical,Mesokurtic";"Sand"
121;0;0.53;4.51;67.58;0.569999999999993;"X121";131.352;2.928;62.528;0.779;99.221;"Fine Sand,Moderately Sorted,Symmetrical,Platykurtic";"Sand"
126;0;0;18.25;45.66;0.13000000000001;"X126";164.974;2.57;98.333;0.203;99.797;"Fine Sand,Moderately Sorted,Symmetrical,Platykurtic";"Sand"
128;0;0;18.05;47.38;0.339999999999989;"X128";162.373;2.589;95.426;0.517;99.483;"Fine Sand,Moderately Sorted,Symmetrical,Platykurtic";"Sand"
130;0;0.35;8.97;58.13;0.519999999999996;"X130";139.3;2.844;69.807;0.765;99.235;"Fine Sand,Moderately Sorted,Symmetrical,Platykurtic";"Sand"
131;0;0.44;2.18;65.56;1.02;"X131";127.628;2.97;58.973;1.474;98.526;"Fine Sand,Moderately Well Sorted,Symmetrical,Platykurtic";"Sand"
132;0;0.27;1.81;52.87;3.29000000000001;"X132";123.535;3.017;53.874;5.649;94.351;"Very Fine Sand,Moderately Sorted,Fine Skewed,Mesokurtic";"Sand"
135;0;0.26;2.15;62.47;2.47;"X135";125.416;2.995;56.218;3.667;96.333;"Fine Sand,Moderately Well Sorted,Symmetrical,Platykurtic";"Sand"
136;0;0.43;1.66;54.2;5.24999999999999;"X136";120.556;3.052;50.356;8.531;91.469;"Very Fine Sand,Poorly Sorted,Fine Skewed,Very Leptokurtic";"Sand"
138;0;0.03;2.01;36.81;3.39;"X138";122.367;3.031;51.942;8.026;91.974;"Very Fine Sand,Poorly Sorted,Fine Skewed,Very Leptokurtic";"Sand"
139;0;0.3;2.16;64.23;1.49000000000001;"X139";126.812;2.979;57.989;2.185;97.815;"Fine Sand,Moderately Well Sorted,Symmetrical,Platykurtic";"Sand"
142;0;0.52;7.03;62.96;0.939999999999998;"X142";134.916;2.89;65.489;1.316;98.684;"Fine Sand,Moderately Sorted,Symmetrical,Platykurtic";"Sand"
143;0;0.26;3.92;52.53;1.68;"X143";129.683;2.947;60.151;2.877;97.123;"Fine Sand,Moderately Sorted,Symmetrical,Platykurtic";"Sand"
144;0;0.39;1.51;56.84;0.369999999999997;"X144";127.849;2.967;59.501;0.626;99.374;"Fine Sand,Moderately Well Sorted,Symmetrical,Platykurtic";"Sand"
147;0;0.56;2.88;37.99;4.18;"X147";123.826;3.014;52.52;9.165;90.835;"Very Fine Sand,Poorly Sorted,Fine Skewed,Very Leptokurtic";"Sand"
149;0;0.29;4.35;49.4;1.89;"X149";130.407;2.939;60.546;3.379;96.621;"Fine Sand,Moderately Sorted,Symmetrical,Platykurtic";"Sand"
151;0;3.31;32.82;28.88;0.709999999999994;"X151";267.875;2.144;203.299;1.08;98.92;"Fine Sand,Moderately Sorted,Very Fine Skewed,Platykurtic";"Sand"
155;0;0.34;11.26;50.33;0.740000000000002;"X155";145.62;2.754;76.975;1.181;98.819;"Fine Sand,Moderately Sorted,Coarse Skewed,Platykurtic";"Sand"
157;0;1.17;7.21;48.64;0.350000000000001;"X157";140.622;2.83;71.135;0.61;99.39;"Fine Sand,Moderately Sorted,Coarse Skewed,Mesokurtic";"Sand"
162;0;0.81;0.79;61.56;1.26;"X162";125.978;2.989;57.372;1.956;98.044;"Fine Sand,Moderately Well Sorted,Symmetrical,Platykurtic";"Sand"
163;0;0.18;0.63;47.78;1.38999999999999;"X163";124.453;3.006;55.772;2.781;97.219;"Very Fine Sand,Moderately Well Sorted,Symmetrical,Platykurtic";"Sand"
165;0;0.25;5.19;57.93;0.550000000000004;"X165";133.016;2.91;63.983;0.86;99.14;"Fine Sand,Moderately Sorted,Symmetrical,Platykurtic";"Sand"
168;0;0.52;1.79;59.6;0.729999999999997;"X168";127.813;2.968;59.257;1.165;98.835;"Fine Sand,Moderately Well Sorted,Symmetrical,Platykurtic";"Sand"
169;0;0.2;0.79;63.42;0.680000000000007;"X169";125.922;2.989;57.675;1.045;98.955;"Fine Sand,Moderately Well Sorted,Symmetrical,Platykurtic";"Sand"
171;0;0.35;1.37;60.75;0.490000000000002;"X171";127.262;2.974;58.932;0.778;99.222;"Fine Sand,Moderately Well Sorted,Symmetrical,Platykurtic";"Sand"
172;0;0.23;5.22;55.71;0.839999999999996;"X172";132.864;2.912;63.623;1.355;98.645;"Fine Sand,Moderately Sorted,Symmetrical,Platykurtic";"Sand"
175;0;0.21;1.49;35.02;6.05;"X175";115.203;3.118;44.093;14.145;85.855;"Very Fine Sand,Poorly Sorted,Very Fine Skewed,Very Leptokurtic";"Muddy Sand"
177;0;0.18;1.96;43.02;3.98;"X177";121.854;3.037;51.52;8.099;91.901;"Very Fine Sand,Poorly Sorted,Fine Skewed,Very Leptokurtic";"Sand"
179;0;2.56;3.73;29.6;3.02;"X179";135.427;2.88;62.65;7.762;92.238;"Fine Sand,Poorly Sorted,Symmetrical,Very Leptokurtic";"Sand"
182;0;0.45;1.18;65.76;0.629999999999995;"X182";126.821;2.979;58.493;0.926;99.074;"Fine Sand,Moderately Well Sorted,Symmetrical,Platykurtic";"Sand"
184;0;0.5;2.45;62.14;0.189999999999998;"X184";129.4;2.95;60.997;0.291;99.709;"Fine Sand,Moderately Well Sorted,Symmetrical,Platykurtic";"Sand"
185;0;0.06;0.49;63.2;0.469999999999999;"X185";125.609;2.993;57.523;0.732;99.268;"Fine Sand,Moderately Well Sorted,Symmetrical,Platykurtic";"Sand"
187;0;0.16;0.83;58.79;1.35;"X187";124.971;3;56.425;2.208;97.792;"Very Fine Sand,Moderately Well Sorted,Symmetrical,Platykurtic";"Sand"
188;0;0.22;1.09;54.38;3.28999999999999;"X188";122.389;3.03;52.996;5.578;94.422;"Very Fine Sand,Moderately Sorted,Fine Skewed,Mesokurtic";"Sand"
192;0;0.3;2.36;45.57;2.92;"X192";125.007;3;55.023;5.709;94.291;"Fine Sand,Moderately Sorted,Fine Skewed,Mesokurtic";"Sand"
196;0;1.65;3.48;30.87;5.51;"X196";124.439;3.006;50.79;13.274;86.726;"Very Fine Sand,Poorly Sorted,Fine Skewed,Very Leptokurtic";"Muddy Sand"
197;0;0.17;1.49;62.8;0.280000000000001;"X197";127.414;2.972;59.197;0.432;99.568;"Fine Sand,Moderately Well Sorted,Symmetrical,Platykurtic";"Sand"
200;0;0.15;1.67;67.85;0.340000000000018;"X200";127.4;2.973;59.164;0.486;99.514;"Fine Sand,Moderately Well Sorted,Symmetrical,Platykurtic";"Sand"
201;0;0.01;9.76;59.15;0.730000000000004;"X201";139.439;2.842;69.79;1.048;98.952;"Fine Sand,Moderately Sorted,Symmetrical,Platykurtic";"Sand"
206;0;3.18;14.28;36.53;0.0599999999999952;"X206";174.262;2.475;110.282;0.111;99.889;"Fine Sand,Poorly Sorted,Coarse Skewed,Platykurtic";"Sand"
207;0;6.43;25.58;26.33;0.0600000000000023;"X207";269.779;2.097;213.62;0.103;99.897;"Fine Sand,Poorly Sorted,Fine Skewed,Mesokurtic";"Sand"
208;0;1.77;16.81;44.75;0.120000000000005;"X208";166.765;2.542;101.219;0.189;99.811;"Fine Sand,Moderately Sorted,Symmetrical,Platykurtic";"Sand"
218;0;2.56;15.29;50.49;2.86;"X218";153.992;2.643;85.053;4.017;95.983;"Fine Sand,Moderately Sorted,Coarse Skewed,Platykurtic";"Sand"
220;0;9.28;37.22;14.61;0.310000000000002;"X220";335.465;1.761;410.305;0.505;99.495;"Medium Sand,Poorly Sorted,Fine Skewed,Very Leptokurtic";"Sand"
222;0;3.22;17.37;29.09;0.149999999999999;"X222";203.677;2.341;138.502;0.301;99.699;"Fine Sand,Poorly Sorted,Symmetrical,Platykurtic";"Sand"
226;0;2.66;36.86;25.38;0.0200000000000102;"X226";285.495;2.065;238.822;0.031;99.969;"Fine Sand,Moderately Sorted,Very Fine Skewed,Platykurtic";"Sand"
227;0;3.27;26.55;46.8;0.0899999999999892;"X227";194.434;2.391;128.699;0.117;99.883;"Fine Sand,Moderately Sorted,Symmetrical,Platykurtic";"Sand"
230;0;1.11;10.31;47.64;0.0499999999999972;"X230";147.936;2.721;80.544;0.085;99.915;"Fine Sand,Moderately Sorted,Coarse Skewed,Platykurtic";"Sand"
233;0;6.67;29.73;34.7;0.170000000000002;"X233";254.499;2.159;191.641;0.239;99.761;"Fine Sand,Poorly Sorted,Fine Skewed,Mesokurtic";"Sand"
235;0;8.4;18.2;29.62;0.590000000000003;"X235";229.859;2.192;169.211;1.039;98.961;"Fine Sand,Poorly Sorted,Symmetrical,Mesokurtic";"Sand"
240;0.41;4.22;5.92;15.42;0.990000000000002;"X240";192.397;2.263;134.049;3.672;94.807;"Fine Sand,Poorly Sorted,Coarse Skewed,Mesokurtic";"Slightly Gravelly Sand"
244;0;7.27;20.45;33.44;0.260000000000005;"X244";221.013;2.241;159.267;0.423;99.577;"Fine Sand,Poorly Sorted,Symmetrical,Mesokurtic";"Sand"
700;0;0.19;2.63;37.35;2.96;"X700";125.175;2.998;54.642;6.863;93.137;"Fine Sand,Moderately Sorted,Fine Skewed,Leptokurtic";"Sand"
3065;0;0.33;9.23;45.51;2.88;"X3065";138.858;2.842;67.365;4.97;95.03;"Fine Sand,Moderately Sorted,Symmetrical,Platykurtic";"Sand"
3069;0.01;1.11;6.15;37.16;5.3;"X3069";130.169;2.942;56.529;10.658;89.322;"Fine Sand,Poorly Sorted,Fine Skewed,Very Leptokurtic";"Slightly Gravelly Muddy Sand"
3070;0;0.7;2;52.31;2.48999999999999;"X3070";125.847;2.99;56.297;4.33;95.67;"Fine Sand,Moderately Well Sorted,Symmetrical,Platykurtic";"Sand"
3075;0.01;0.81;6.83;45.5;3.72;"X3075";133.196;2.908;61.314;6.541;93.441;"Fine Sand,Poorly Sorted,Fine Skewed,Leptokurtic";"Slightly Gravelly Sand"
3081;0;0.24;8.16;58.35;0.540000000000006;"X3081";137.707;2.86;68.301;0.802;99.198;"Fine Sand,Moderately Sorted,Symmetrical,Platykurtic";"Sand"
3082;0;0;5.01;47.01;1.91;"X3082";131.334;2.929;61.267;3.542;96.458;"Fine Sand,Moderately Sorted,Symmetrical,Platykurtic";"Sand"
3087;0;4.8;30.06;39;0.0400000000000063;"X3087";232.199;2.243;166.833;0.054;99.946;"Fine Sand,Poorly Sorted,Fine Skewed,Platykurtic";"Sand"
3094;0;0.85;4.26;37.42;3.66;"X3094";128.896;2.956;57.07;7.924;92.076;"Fine Sand,Poorly Sorted,Fine Skewed,Very Leptokurtic";"Sand"
3099;0;0.08;7.71;60.98;1.17;"X3099";135.248;2.886;65.618;1.673;98.327;"Fine Sand,Moderately Sorted,Symmetrical,Platykurtic";"Sand"
3105;0;3.94;6.69;34.67;3.59999999999999;"X3105";144.321;2.706;74.645;7.362;92.638;"Fine Sand,Poorly Sorted,Symmetrical,Very Leptokurtic";"Sand"
3106;0;0.13;1.17;58.6;1.64;"X3106";124.998;3;56.271;2.665;97.335;"Very Fine Sand,Moderately Well Sorted,Symmetrical,Platykurtic";"Sand"
3114;0;0.13;3.9;62.04;0.580000000000013;"X3114";130.402;2.939;61.645;0.87;99.13;"Fine Sand,Moderately Well Sorted,Symmetrical,Platykurtic";"Sand"
3115;0;0;5.98;52.33;2.39;"X3115";131.575;2.926;61.285;3.937;96.063;"Fine Sand,Moderately Sorted,Symmetrical,Platykurtic";"Sand"
3116;0;0.81;5.16;46.18;4.86;"X3116";127.595;2.97;55.733;8.525;91.475;"Fine Sand,Poorly Sorted,Fine Skewed,Very Leptokurtic";"Sand"
3117;0.03;26;30.59;11.77;0.0400000000000063;"X3117";415.358;1.084;974.156;0.058;99.898;"Medium Sand,Poorly Sorted,Coarse Skewed,Leptokurtic";"Slightly Gravelly Sand"
3118;0.08;23.73;35.53;11.15;0.0499999999999972;"X3118";399.829;1.088;1014.183;0.071;99.816;"Medium Sand,Poorly Sorted,Coarse Skewed,Leptokurtic";"Slightly Gravelly Sand"
3136;0;0.08;5.09;24.47;5.17;"X3136";125.499;2.994;50.56;14.852;85.148;"Fine Sand,Poorly Sorted,Fine Skewed,Very Leptokurtic";"Muddy Sand"
3143;0;0.23;2.56;51.01;1.24;"X3143";128.155;2.964;59.108;2.253;97.747;"Fine Sand,Moderately Well Sorted,Symmetrical,Platykurtic";"Sand"
3151;0;0;4.2;59.15;2.08000000000001;"X3151";128.637;2.959;59.125;3.179;96.821;"Fine Sand,Moderately Sorted,Symmetrical,Platykurtic";"Sand"
3153;0;0;3.18;56.03;1.68;"X3153";127.836;2.968;58.624;2.759;97.241;"Fine Sand,Moderately Well Sorted,Symmetrical,Platykurtic";"Sand"
3175;0;0.48;21.46;48.05;0.450000000000003;"X3175";170.805;2.531;103.715;0.639;99.361;"Fine Sand,Moderately Sorted,Symmetrical,Platykurtic";"Sand"
3182;0;0.01;13.67;55.7;0.450000000000003;"X3182";147.819;2.727;79.804;0.644;99.356;"Fine Sand,Moderately Sorted,Symmetrical,Platykurtic";"Sand"
3188;0;0.87;6.46;62.67;0.519999999999996;"X3188";135.258;2.886;66.075;0.737;99.263;"Fine Sand,Moderately Sorted,Symmetrical,Mesokurtic";"Sand"
3189;0;1.44;3.3;43.19;0.479999999999997;"X3189";134.326;2.896;65.107;0.992;99.008;"Fine Sand,Moderately Sorted,Coarse Skewed,Mesokurtic";"Sand"
3192;0;0.01;6.96;58.89;0.5;"X3192";135.37;2.885;66.17;0.753;99.247;"Fine Sand,Moderately Sorted,Symmetrical,Platykurtic";"Sand"
3220;0;0.71;2.99;59.73;3.4;"X3220";125.934;2.989;56.043;5.088;94.912;"Fine Sand,Moderately Sorted,Symmetrical,Platykurtic";"Sand"
3225;0;0.5;1.91;59.09;4.52;"X3225";122.448;3.03;52.516;6.846;93.154;"Very Fine Sand,Moderately Sorted,Fine Skewed,Leptokurtic";"Sand"
3227;0;0.1;3.37;56.29;2.61;"X3227";126.827;2.979;57.169;4.185;95.815;"Fine Sand,Moderately Well Sorted,Symmetrical,Platykurtic";"Sand"
3230;0.1;3.78;4.53;22.16;7.18;"X3230";130.393;3.12;30.136;19.02;80.715;"Very Fine Sand,Very Poorly Sorted,Fine Skewed,Very Leptokurtic";"Slightly Gravelly Muddy Sand"
3245;0;0.43;4.63;52.59;0.019999999999996;"X3245";134.068;2.899;65.308;0.035;99.965;"Fine Sand,Moderately Sorted,Symmetrical,Platykurtic";"Sand"
3247;0;0.63;3.24;53.37;0.110000000000007;"X3247";131.743;2.924;63.129;0.192;99.808;"Fine Sand,Moderately Well Sorted,Symmetrical,Platykurtic";"Sand"
3249;0;0.3;4.7;62.62;0.47999999999999;"X3249";131.9;2.922;63.049;0.705;99.295;"Fine Sand,Moderately Sorted,Symmetrical,Platykurtic";"Sand"
3250;0;0.25;7.12;48.04;0;"X3250";139.494;2.842;70.383;0;100;"Fine Sand,Moderately Sorted,Symmetrical,Mesokurtic";"Sand"
3251;0;0.33;2.18;60.22;1.45000000000001;"X3251";127.031;2.977;58.145;2.259;97.741;"Fine Sand,Moderately Well Sorted,Symmetrical,Platykurtic";"Sand"
3253;0;0.31;5.15;59.97;0.0200000000000102;"X3253";133.595;2.904;64.878;0.031;99.969;"Fine Sand,Moderately Sorted,Symmetrical,Platykurtic";"Sand"
3254;0;0.03;0.98;29.57;8.5;"X3254";105.397;3.725;12.814;21.75;78.25;"Very Fine Sand,Poorly Sorted,Very Fine Skewed,Very Leptokurtic";"Muddy Sand"
3255;0;0.18;4.03;59.65;1.28;"X3255";129.82;2.945;60.668;1.965;98.035;"Fine Sand,Moderately Well Sorted,Symmetrical,Platykurtic";"Sand"
3257;0;0.12;2.16;64.8;1.33;"X3257";126.773;2.98;58.053;1.944;98.056;"Fine Sand,Moderately Well Sorted,Symmetrical,Platykurtic";"Sand"
3260;0;0.48;1.66;63.58;1.25;"X3260";126.716;2.98;58.034;1.867;98.133;"Fine Sand,Moderately Well Sorted,Symmetrical,Platykurtic";"Sand"
3261;0;0.64;3.06;61.56;0.269999999999996;"X3261";130.412;2.939;61.845;0.412;99.588;"Fine Sand,Moderately Well Sorted,Symmetrical,Platykurtic";"Sand"
3269;0;0;6.59;37.12;4.02;"X3269";131.632;2.925;58.981;8.422;91.578;"Fine Sand,Poorly Sorted,Fine Skewed,Very Leptokurtic";"Sand"
3278;0;0.01;1.03;36.7;5.47;"X3278";115.481;3.114;44.955;12.659;87.341;"Very Fine Sand,Poorly Sorted,Very Fine Skewed,Very Leptokurtic";"Muddy Sand"
3280;0;0.03;0.65;44.21;3.35;"X3280";120.383;3.054;50.886;6.944;93.056;"Very Fine Sand,Moderately Sorted,Fine Skewed,Leptokurtic";"Sand"
3285;0;0.22;4.73;55.74;5.49;"X3285";124.664;3.004;53.575;8.296;91.704;"Very Fine Sand,Poorly Sorted,Fine Skewed,Very Leptokurtic";"Sand"
3286;0;0;3.17;53.64;0.899999999999999;"X3286";129.213;2.952;60.312;1.56;98.44;"Fine Sand,Moderately Well Sorted,Symmetrical,Platykurtic";"Sand"
3287;0;0.53;18.38;51;0.77000000000001;"X3287";160.36;2.602;93.099;1.089;98.911;"Fine Sand,Moderately Sorted,Symmetrical,Platykurtic";"Sand"
3296;0;1.15;19.41;47.99;0.290000000000006;"X3296";167.903;2.542;101.585;0.421;99.579;"Fine Sand,Moderately Sorted,Symmetrical,Platykurtic";"Sand"
3299;0;0.58;16.81;55.49;0.0600000000000023;"X3299";155.637;2.639;89.157;0.082;99.918;"Fine Sand,Moderately Sorted,Symmetrical,Platykurtic";"Sand"
3301;0;1.46;19.3;39.09;1.40999999999999;"X3301";176.521;2.499;107.381;2.302;97.698;"Fine Sand,Moderately Sorted,Symmetrical,Platykurtic";"Sand"
3312;0;0.74;18.53;47.63;0.0599999999999881;"X3312";165.712;2.558;99.594;0.09;99.91;"Fine Sand,Moderately Sorted,Symmetrical,Platykurtic";"Sand"
3316;0;7.42;37.55;25.45;0.0499999999999972;"X3316";299.215;1.985;268.35;0.071;99.929;"Medium Sand,Poorly Sorted,Fine Skewed,Leptokurtic";"Sand"
3317;0;3.44;27.46;39.6;0.0100000000000051;"X3317";214.837;2.309;148.88;0.014;99.986;"Fine Sand,Moderately Sorted,Fine Skewed,Platykurtic";"Sand"
3336;0;0.02;8.83;52.93;0.100000000000001;"X3336";140.643;2.83;71.392;0.162;99.838;"Fine Sand,Moderately Sorted,Symmetrical,Platykurtic";"Sand"
3338;0;0.21;3.61;52.9;0.899999999999999;"X3338";130.365;2.939;61.318;1.562;98.438;"Fine Sand,Moderately Well Sorted,Symmetrical,Platykurtic";"Sand"
3339;0;0.13;3.66;54.93;1.7;"X3339";128.833;2.956;59.451;2.814;97.186;"Fine Sand,Moderately Well Sorted,Symmetrical,Platykurtic";"Sand"
3340;0;0.25;3.5;29.57;6.2;"X3340";118.534;3.077;45.46;15.688;84.312;"Very Fine Sand,Poorly Sorted,Fine Skewed,Very Leptokurtic";"Muddy Sand"
3345;0;1.83;43.88;17.83;0.119999999999997;"X3345";311.287;1.913;324.324;0.189;99.811;"Medium Sand,Moderately Sorted,Very Fine Skewed,Leptokurtic";"Sand"
3346;0;0.01;18.87;53.09;0.980000000000004;"X3346";160.475;2.612;90.585;3.343;96.657;"Fine Sand,Moderately Sorted,Symmetrical,Platykurtic";"Sand"
3346;0;0.05;12.43;24.28;2.77999999999999;"X3346";160.475;2.612;90.585;3.343;96.657;"Fine Sand,Moderately Sorted,Symmetrical,Platykurtic";"Sand"
3348;0;2.35;21.4;52.83;0.700000000000003;"X3348";169.522;2.526;103.142;0.906;99.094;"Fine Sand,Moderately Sorted,Symmetrical,Platykurtic";"Sand"
3349;0;1.08;7.13;51.73;3.23;"X3349";134.108;2.899;62.859;5.113;94.887;"Fine Sand,Moderately Sorted,Symmetrical,Mesokurtic";"Sand"
3350;0;2.51;10.71;21.26;3.45999999999999;"X3350";172.204;2.538;94.445;9.12;90.88;"Fine Sand,Poorly Sorted,Fine Skewed,Leptokurtic";"Sand"
3360;0;0.67;9.08;47.69;8.09;"X3360";128.546;2.96;54.287;12.345;87.655;"Fine Sand,Poorly Sorted,Fine Skewed,Very Leptokurtic";"Muddy Sand"
3364;0;0.21;3.04;67.85;0;"X3364";129.711;2.947;61.39;0;100;"Fine Sand,Moderately Well Sorted,Symmetrical,Platykurtic";"Sand"
3377;0;0.9;6.97;58.21;0.680000000000007;"X3377";136.65;2.871;67.217;1.019;98.981;"Fine Sand,Moderately Sorted,Symmetrical,Mesokurtic";"Sand"
3380;0;0.01;2.98;54.35;2.8;"X3380";125.802;2.991;56.122;4.656;95.344;"Fine Sand,Moderately Well Sorted,Symmetrical,Platykurtic";"Sand"
3408;0;0.05;3.87;51.87;2.83;"X3408";127.33;2.973;57.301;4.828;95.172;"Fine Sand,Moderately Sorted,Symmetrical,Platykurtic";"Sand"
3629;0;1.71;8.93;43.27;3.13;"X3629";141.445;2.788;70.665;5.487;94.513;"Fine Sand,Moderately Sorted,Symmetrical,Mesokurtic";"Sand"
3810;0;0.18;8.32;44.71;1.44;"X3810";139.927;2.837;69.383;2.635;97.365;"Fine Sand,Moderately Sorted,Symmetrical,Platykurtic";"Sand"
3821;0;0.7;2.83;97.41;0.850000000000009;"X3821";127.901;2.967;59.464;0.835;99.165;"Fine Sand,Moderately Well Sorted,Symmetrical,Platykurtic";"Sand"
3851;0;0.34;1.23;68.72;0.980000000000004;"X3851";126.244;2.986;57.824;1.375;98.625;"Fine Sand,Moderately Well Sorted,Symmetrical,Platykurtic";"Sand"
3901;0;0.19;2.27;63.62;4.23999999999999;"X3901";123.102;3.022;53.372;6.03;93.97;"Very Fine Sand,Moderately Sorted,Fine Skewed,Leptokurtic";"Sand"
3931;0;0.53;4.78;87.37;2.78999999999999;"X3931";128.019;2.966;58.71;2.922;97.078;"Fine Sand,Moderately Well Sorted,Symmetrical,Platykurtic";"Sand"
3941;0;0.13;2.8;99.9;1.55999999999999;"X3941";126.691;2.981;58.16;1.494;98.506;"Fine Sand,Moderately Well Sorted,Symmetrical,Platykurtic";"Sand"
3961;0;0.25;6.9;65.85;2.95999999999999;"X3961";131.125;2.931;60.919;3.897;96.103;"Fine Sand,Moderately Sorted,Symmetrical,Platykurtic";"Sand"
3971;0;0.44;3.12;67.57;5.09;"X3971";123.556;3.017;53.452;6.678;93.322;"Very Fine Sand,Moderately Sorted,Fine Skewed,Leptokurtic";"Sand"
4001;0;1.53;2.46;104.45;1.07000000000001;"X4001";127.94;2.966;59.442;0.977;99.023;"Fine Sand,Moderately Well Sorted,Symmetrical,Platykurtic";"Sand"
4051;0;0.01;11.57;81.56;1.09;"X4051";137.131;2.866;67.591;1.157;98.843;"Fine Sand,Moderately Sorted,Symmetrical,Platykurtic";"Sand"
4061;0;0.13;0.78;68.13;0.310000000000002;"X4061";126.263;2.985;58.192;0.447;99.553;"Fine Sand,Moderately Well Sorted,Symmetrical,Platykurtic";"Sand"
4071;0;0.11;1.34;64.23;2.58;"X4071";123.987;3.012;54.998;3.78;96.22;"Very Fine Sand,Moderately Well Sorted,Symmetrical,Platykurtic";"Sand"
4081;0;0.33;1.87;63.82;1.89;"X4081";125.92;2.989;56.996;2.783;97.217;"Fine Sand,Moderately Well Sorted,Symmetrical,Platykurtic";"Sand"
4101;0;0.24;2.9;85.1;5.99000000000001;"X4101";122.636;3.028;52.869;6.357;93.643;"Very Fine Sand,Moderately Sorted,Fine Skewed,Leptokurtic";"Sand"
4111;0;0.29;3.96;69.43;5.23999999999999;"X4111";124.272;3.008;54.031;6.64;93.36;"Very Fine Sand,Moderately Sorted,Fine Skewed,Leptokurtic";"Sand"
4121;0;0.47;2.29;57.73;5.01000000000001;"X4121";122.173;3.033;51.959;7.649;92.351;"Very Fine Sand,Moderately Sorted,Fine Skewed,Leptokurtic";"Sand"
4141;0;0.43;12.37;78.53;2.47;"X4141";137.408;2.863;67.085;2.633;97.367;"Fine Sand,Moderately Sorted,Symmetrical,Platykurtic";"Sand"
4151;0;0;0.86;51.31;3.14;"X4151";121.714;3.038;52.425;5.677;94.323;"Very Fine Sand,Moderately Sorted,Fine Skewed,Mesokurtic";"Sand"
4161;0;0.12;4.15;29.02;7.41;"X4161";116.481;3.324;26.927;18.206;81.794;"Very Fine Sand,Poorly Sorted,Very Fine Skewed,Very Leptokurtic";"Muddy Sand"
4201;0;0.05;2.56;23.18;10.35;"X4201";99.701;4.08;5.908;28.639;71.361;"Very Coarse Silt,Very Poorly Sorted,Very Fine Skewed,Leptokurtic";"Muddy Sand"
4211;0;0.02;3.61;26.8;6.47;"X4211";116.66;3.261;30.927;17.534;82.466;"Very Fine Sand,Poorly Sorted,Very Fine Skewed,Very Leptokurtic";"Muddy Sand"
4241;0;0.13;2.93;20.86;9.98;"X4241";99.851;4.094;5.614;29.44;70.56;"Very Coarse Silt,Very Poorly Sorted,Very Fine Skewed,Leptokurtic";"Muddy Sand"
4251;0;0.11;2.02;24.04;11.78;"X4251";95.169;4.207;4.651;31.041;68.959;"Very Coarse Silt,Very Poorly Sorted,Very Fine Skewed,Leptokurtic";"Muddy Sand"
4281;0;0.03;4.3;32.45;4.66;"X4281";124.623;3.004;52.054;11.245;88.755;"Very Fine Sand,Poorly Sorted,Fine Skewed,Very Leptokurtic";"Muddy Sand"
4301;0;0.13;4.32;31.41;7.79;"X4301";116.631;3.29;28.982;17.847;82.153;"Very Fine Sand,Poorly Sorted,Very Fine Skewed,Very Leptokurtic";"Muddy Sand"
4341;0;0;2.92;51.8;2.19;"X4341";126.724;2.98;57.227;3.848;96.152;"Fine Sand,Moderately Well Sorted,Symmetrical,Platykurtic";"Sand"
4351;0;0.02;2.53;34.93;2.08000000000001;"X4351";126.668;2.981;56.566;5.258;94.742;"Fine Sand,Moderately Sorted,Symmetrical,Mesokurtic";"Sand"
4381;0;0.15;1.67;37.41;7.26000000000001;"X4381";113.532;3.139;42.331;15.616;84.384;"Very Fine Sand,Poorly Sorted,Very Fine Skewed,Very Leptokurtic";"Muddy Sand"
24910;0;0.33;1.33;58.86;0.520000000000003;"X24910";127.185;2.975;58.836;0.852;99.148;"Fine Sand,Moderately Well Sorted,Symmetrical,Platykurtic";"Sand"
25110;0;0.15;4.08;47.97;0.609999999999999;"X25110";132.199;2.919;63.118;1.155;98.845;"Fine Sand,Moderately Sorted,Symmetrical,Platykurtic";"Sand"
25510;0;0.41;1.36;62.08;0.410000000000004;"X25510";127.408;2.972;59.113;0.638;99.362;"Fine Sand,Moderately Well Sorted,Symmetrical,Platykurtic";"Sand"
25610;0;0.44;0.85;67.05;0.189999999999998;"X25610";126.926;2.978;58.831;0.277;99.723;"Fine Sand,Moderately Well Sorted,Symmetrical,Platykurtic";"Sand"
25710;0;0.65;0.38;65.27;0.140000000000001;"X25710";126.684;2.981;58.646;0.211;99.789;"Fine Sand,Moderately Well Sorted,Symmetrical,Platykurtic";"Sand"
25810;0;0.47;3.72;50.17;0.670000000000002;"X25810";131.716;2.924;62.661;1.218;98.782;"Fine Sand,Moderately Sorted,Symmetrical,Platykurtic";"Sand"
25910;0;0.07;4.92;35.07;3.59999999999999;"X25910";128.974;2.955;56.963;8.246;91.754;"Fine Sand,Poorly Sorted,Fine Skewed,Very Leptokurtic";"Sand"
26010;0;0.49;2.89;53.08;0.600000000000001;"X26010";130.112;2.942;61.312;1.052;98.948;"Fine Sand,Moderately Well Sorted,Symmetrical,Platykurtic";"Sand"
26210;0;3.35;2.7;31.58;0.720000000000006;"X26210";140.979;2.826;70.783;1.877;98.123;"Fine Sand,Moderately Sorted,Coarse Skewed,Leptokurtic";"Sand"
26410;0;0.03;1.18;41.82;4.03;"X26410";119.8;3.061;49.78;8.564;91.436;"Very Fine Sand,Poorly Sorted,Fine Skewed,Very Leptokurtic";"Sand"
26510;0;0.15;1.42;59.76;0.170000000000002;"X26510";127.542;2.971;59.368;0.276;99.724;"Fine Sand,Moderately Well Sorted,Symmetrical,Platykurtic";"Sand"
27810;0;0.06;5.55;50.22;1.85;"X27810";132.144;2.92;62.126;3.207;96.793;"Fine Sand,Moderately Sorted,Symmetrical,Platykurtic";"Sand"
33511;0;7.85;20.03;22.39;1.08;"X33511";269.823;2.088;208.461;2.103;97.897;"Fine Sand,Poorly Sorted,Symmetrical,Mesokurtic";"Sand"
33521;0;0.2;1.64;21.91;7;"X33521";106.697;3.761;11.509;22.764;77.236;"Very Fine Sand,Poorly Sorted,Very Fine Skewed,Very Leptokurtic";"Muddy Sand"
33821;0;0.11;1.54;31.7;8.74;"X33821";107.572;3.635;15.244;20.765;79.235;"Very Fine Sand,Poorly Sorted,Very Fine Skewed,Very Leptokurtic";"Muddy Sand"
36710;0;1.55;3.74;42.43;5.95;"X36710";124.161;3.01;51.801;11.086;88.914;"Very Fine Sand,Poorly Sorted,Fine Skewed,Very Leptokurtic";"Muddy Sand"
36810;0;0;5.53;63.6;0.650000000000006;"X36810";132.314;2.918;63.321;0.931;99.069;"Fine Sand,Moderately Sorted,Symmetrical,Platykurtic";"Sand"
36910;0;4.45;16.14;36.87;3.38000000000001;"X36910";173.119;2.501;101.778;5.556;94.444;"Fine Sand,Poorly Sorted,Symmetrical,Mesokurtic";"Sand"
37110;0;0.45;5.67;32.4;7.47000000000001;"X37110";121.947;3.063;44.685;16.243;83.757;"Very Fine Sand,Poorly Sorted,Fine Skewed,Very Leptokurtic";"Muddy Sand"
37210;0;0.11;1.29;70.87;0.169999999999987;"X37210";127.009;2.977;58.92;0.235;99.765;"Fine Sand,Moderately Well Sorted,Symmetrical,Platykurtic";"Sand"
37310;0;0.28;2.19;66.24;2.08000000000001;"X37310";126.009;2.988;57.008;2.938;97.062;"Fine Sand,Moderately Well Sorted,Symmetrical,Platykurtic";"Sand"
37510;0;0.14;5.07;61.64;5.76000000000001;"X37510";124.73;3.003;53.798;7.933;92.067;"Very Fine Sand,Poorly Sorted,Fine Skewed,Very Leptokurtic";"Sand"
37610;0;0.63;14.2;81.58;1.65000000000001;"X37610";140.28;2.834;70.237;1.683;98.317;"Fine Sand,Moderately Sorted,Symmetrical,Platykurtic";"Sand"
37910;0;0.16;4.15;80.91;3.76000000000001;"X37910";126.088;2.987;56.54;4.226;95.774;"Fine Sand,Moderately Well Sorted,Symmetrical,Platykurtic";"Sand"
